<odoo>
    <data noupdate="1">
        <record id="module_category_gestion_formation" model="ir.module.category">
            <field name="name">Gestion Formation</field>
            <field name="description">Gestion des droits pour les formations</field>
        </record>

        <record id="group_gestion_formation_user" model="res.groups">
            <field name="name">Utilisateur Formation</field>
            <field name="category_id" ref="module_category_gestion_formation"/>
        </record>

        <record id="group_gestion_formation_admin" model="res.groups">
            <field name="name">Administrateur Formation</field>
            <field name="category_id" ref="module_category_gestion_formation"/>
        </record>
    </data>
</odoo>
